Filename,Prediction
00563fffc148_173959.csv,1
050b5ba5d068_173959.csv,1
06ab0c2e71b8_173959.csv,1
0b830b169797_173959.csv,1
0d82af861593_173959.csv,1
114b50e796c9_173959.csv,1
13069f241e27_173959.csv,2
15927514949c_173959.csv,1
1689f709d559_173959.csv,1
17a61fb3ff04_173959.csv,1
17fa5ce0f732_173959.csv,1
188d7dbe8f26_173959.csv,2
1ab3c9dab763_173959.csv,1
1c2d33d6e687_173959.csv,1
1c74d9ae2f04_173959.csv,1
1ca3808f3d65_173959.csv,2
1fa1f304d1ed_173959.csv,1
25021f569c58_173959.csv,2
282e3ebab2b5_173959.csv,2
292483b55d42_173959.csv,1
2a77d8b85c12_173959.csv,1
2cd45ff23d7b_173959.csv,1
2d7c611f091e_173959.csv,1
30b2dea24daa_173959.csv,1
3264d07d2158_173959.csv,1
33aef85f5c64_173959.csv,1
37597cfc2d89_173959.csv,1
3a3ec9c05b7a_173959.csv,2
3c14867edb66_173959.csv,1
3f71e9f4e6fa_173959.csv,1
412b9f4afb48_173959.csv,1
45dda508681f_173959.csv,1
4776e77245f8_173959.csv,1
485dbfe75b1d_173959.csv,1
4a13350895e8_173959.csv,1
4b35053ea619_173959.csv,1
4e02d0205a3e_173959.csv,1
516da152a722_173959.csv,1
551578d4b001_173959.csv,1
57639965ec41_173959.csv,2
58c7a788be39_173959.csv,1
59d414cbe205_173959.csv,2
5d6d86993ff3_173959.csv,2
5e058397ebf8_173959.csv,1
5e7d38609666_173959.csv,1
5f4348366790_173959.csv,1
65a93c242e24_173959.csv,1
6648da3f3159_173959.csv,1
6e35604b1ef2_173959.csv,1
71d9420edc28_173959.csv,2
733c80e67268_173959.csv,1
7f173bf4d760_173959.csv,2
7f5d891330f3_173959.csv,2
83673a95609e_173959.csv,1
86397020ad6c_173959.csv,1
869b533df1f5_173959.csv,1
89a01d96af04_173959.csv,1
8b5e890ec5d7_173959.csv,1
8bbcf19fe087_173959.csv,1
8d2740998d17_173959.csv,1
9b67e83c4451_173959.csv,1
9f83e42ce504_173959.csv,1
a6147b2c5f6b_173959.csv,1
a773991cca73_173959.csv,1
b0c51711b803_173959.csv,1
b179dbcf14f5_173959.csv,1
b1f488dbe227_173959.csv,1
b39fe838dd0d_173959.csv,1
b443519401c4_173959.csv,1
b5f6b858d793_173959.csv,1
b6bc1e6cbfaa_173959.csv,1
bd451634377b_173959.csv,1
bd82dcee0f02_173959.csv,1
bd90ff0f2bdd_173959.csv,1
bf5eea957365_173959.csv,2
c146898079d6_173959.csv,1
c7299aea19a7_173959.csv,1
c8042f3f3f7c_173959.csv,2
c927ea962e61_173959.csv,1
c97b34848328_173959.csv,1
cd9bb3437861_173959.csv,1
d4ad8fe7414a_173959.csv,1
d7a93b1f81c9_173959.csv,2
d8bdb3ffaa41_173959.csv,1
defe07a92189_173959.csv,1
df47ae97459f_173959.csv,1
e48602b5a06f_173959.csv,1
e5915e71ed7a_173959.csv,2
e6317139a4d0_173959.csv,1
e851f1f5800d_173959.csv,2
ea3be3cbce0c_173959.csv,1
ea768838ddbd_173959.csv,1
edaeeccc70f3_173959.csv,1
ee4c10ac1f99_173959.csv,1
ee71e133704d_173959.csv,1
fad5409e0574_173959.csv,1
fb883734ec05_173959.csv,1
fcea872c4d07_173959.csv,1
febb5a813c27_173959.csv,1
